´ó°×²Ë,0.40,0.50,0.60,´æ´¢,2021-03-22
´ó°×²Ë,0.60,0.65,0.70,ÐÂ,2021-03-22
ÍÞÍÞ²Ë,0.60,0.75,0.90,´ó\Ð¡,2021-03-22
ÇÛ²Ë,0.70,0.85,1.00,Â³,2021-03-22
²¤²Ë,0.50,0.75,1.00,³¤¸Ë\¼½,2021-03-22
·¬ÇÑ,0.70,1.10,1.50,´¨Â³ÃÉ,2021-03-22
·¬ÇÑ£¨¾«Æ·£©,1.50,1.75,2.00,ÆÕÍ¨,2021-03-22
»Æ¹Ï,1.60,1.90,2.20,ÃÉÁÉ´ü\Â³,2021-03-22
»Æ¹Ï(ÏÊ¸É»¨),2.80,3.05,3.30,¼½,2021-03-22
Ð¡»Æ¹Ï,4.00,4.90,5.80,ºµ\ºÉÀ¼,2021-03-22
ÇÑ×Ó,1.20,1.70,2.20,Â³\¼½,2021-03-22
¼Ü¶¹,2.70,3.85,5.00,\¼½,2021-03-22
¼â½·,1.40,1.85,2.30,¼½½ú/Â³ÐÂ,2021-03-22
